mikä oli äidinkielen läksy,äidinkieli
mitä tuli äidinkielestä,äidinkieli
mitä tuli äidinkielest,äidinkieli
äidinkielen läksy,äidinkieli
mitä äidinkielestä tuli läksyksi,äidinkieli
mitä äidinkielest tuli läksyks,äidinkieli
mitä äidinkielestä oli läksynä,äidinkieli
mitä äidinkielest oli läksynä,äidinkieli
läksyt äidinkielestä,äidinkieli
läksyt äidinkielest,äidinkieli
äidinkielen läksy,äidinkieli
oliko äidinkielestä läksyä,äidinkieli
oliks äidinkielest läksyä,äidinkieli
oliko äidinkielestä mitään,äidinkieli
oliks äidinkielest mitään,äidinkieli
mikä oli äikän läksy,äidinkieli
mitä tuli äikästä,äidinkieli
mitä tuli äikäst,äidinkieli
äikän läksy,äidinkieli
mitä äikästä tuli läksyksi,äidinkieli
mitä äikäst tuli läksyks,äidinkieli
mitä äikästä oli läksynä,äidinkieli
mitä äikäst oli läksynä,äidinkieli
läksyt äikästä,äidinkieli
läksyt äikäst,äidinkieli
äikän läksy,äidinkieli
oliko äikästä läksyä,äidinkieli
oliks äikäst läksyä,äidinkieli
oliko äikästä mitään,äidinkieli
oliks äikäst mitään,äidinkieli
mikä oli biologian läksy,biologia
mitä tuli biologiasta,biologia
mitä tuli biologiast,biologia
biologian läksy,biologia
mitä biologiasta tuli läksyksi,biologia
mitä biologiast tuli läksyks,biologia
mitä biologiasta oli läksynä,biologia
mitä biologiast oli läksynä,biologia
läksyt biologiasta,biologia
läksyt biologiast,biologia
biologian läksy,biologia
oliko biologiasta läksyä,biologia
oliks biologiast läksyä,biologia
oliko biologiasta mitään,biologia
oliks biologiast mitään,biologia
mikä oli bilsan läksy,biologia
mitä tuli bilsasta,biologia
mitä tuli bilsast,biologia
bilsan läksy,biologia
mitä bilsasta tuli läksyksi,biologia
mitä bilsast tuli läksyks,biologia
mitä bilsasta oli läksynä,biologia
mitä bilsast oli läksynä,biologia
läksyt bilsasta,biologia
läksyt bilsast,biologia
bilsan läksy,biologia
oliko bilsasta läksyä,biologia
oliks bilsast läksyä,biologia
oliko bilsasta mitään,biologia
oliks bilsast mitään,biologia
mikä oli elämänkatsomustiedon läksy,elämänkatsomustieto
mitä tuli elämänkatsomustiedosta,elämänkatsomustieto
mitä tuli elämänkatsomustiedost,elämänkatsomustieto
elämänkatsomustiedon läksy,elämänkatsomustieto
mitä elämänkatsomustiedosta tuli läksyksi,elämänkatsomustieto
mitä elämänkatsomustiedost tuli läksyks,elämänkatsomustieto
mitä elämänkatsomustiedosta oli läksynä,elämänkatsomustieto
mitä elämänkatsomustiedost oli läksynä,elämänkatsomustieto
läksyt elämänkatsomustiedosta,elämänkatsomustieto
läksyt elämänkatsomustiedost,elämänkatsomustieto
elämänkatsomustiedon läksy,elämänkatsomustieto
oliko elämänkatsomustiedosta läksyä,elämänkatsomustieto
oliks elämänkatsomustiedost läksyä,elämänkatsomustieto
oliko elämänkatsomustiedosta mitään,elämänkatsomustieto
oliks elämänkatsomustiedost mitään,elämänkatsomustieto
mikä oli et läksy,elämänkatsomustieto
mitä tuli et,elämänkatsomustieto
mitä tuli et,elämänkatsomustieto
et läksy,elämänkatsomustieto
mitä et tuli läksyksi,elämänkatsomustieto
mitä et tuli läksyks,elämänkatsomustieto
mitä et oli läksynä,elämänkatsomustieto
mitä et oli läksynä,elämänkatsomustieto
läksyt et,elämänkatsomustieto
läksyt et,elämänkatsomustieto
et läksy,elämänkatsomustieto
oliko et läksyä,elämänkatsomustieto
oliks et läksyä,elämänkatsomustieto
oliko et mitään,elämänkatsomustieto
oliks et mitään,elämänkatsomustieto
mikä oli englannin läksy,englanti
mitä tuli englannista,englanti
mitä tuli englannist,englanti
englannin läksy,englanti
mitä englannista tuli läksyksi,englanti
mitä englannist tuli läksyks,englanti
mitä englannista oli läksynä,englanti
mitä englannist oli läksynä,englanti
läksyt englannista,englanti
läksyt englannist,englanti
englannin läksy,englanti
oliko englannista läksyä,englanti
oliks englannist läksyä,englanti
oliko englannista mitään,englanti
oliks englannist mitään,englanti
mikä oli enkun läksy,englanti
mitä tuli enkusta,englanti
mitä tuli enkust,englanti
enkun läksy,englanti
mitä enkusta tuli läksyksi,englanti
mitä enkust tuli läksyks,englanti
mitä enkusta oli läksynä,englanti
mitä enkust oli läksynä,englanti
läksyt enkusta,englanti
läksyt enkust,englanti
enkun läksy,englanti
oliko enkusta läksyä,englanti
oliks enkust läksyä,englanti
oliko enkusta mitään,englanti
oliks enkust mitään,englanti
mikä oli fysiikan läksy,fysiikka
mitä tuli fysiikasta,fysiikka
mitä tuli fysiikast,fysiikka
fysiikan läksy,fysiikka
mitä fysiikasta tuli läksyksi,fysiikka
mitä fysiikast tuli läksyks,fysiikka
mitä fysiikasta oli läksynä,fysiikka
mitä fysiikast oli läksynä,fysiikka
läksyt fysiikasta,fysiikka
läksyt fysiikast,fysiikka
fysiikan läksy,fysiikka
oliko fysiikasta läksyä,fysiikka
oliks fysiikast läksyä,fysiikka
oliko fysiikasta mitään,fysiikka
oliks fysiikast mitään,fysiikka
mikä oli fyssan läksy,fysiikka
mitä tuli fyssasta,fysiikka
mitä tuli fyssast,fysiikka
fyssan läksy,fysiikka
mitä fyssasta tuli läksyksi,fysiikka
mitä fyssast tuli läksyks,fysiikka
mitä fyssasta oli läksynä,fysiikka
mitä fyssast oli läksynä,fysiikka
läksyt fyssasta,fysiikka
läksyt fyssast,fysiikka
fyssan läksy,fysiikka
oliko fyssasta läksyä,fysiikka
oliks fyssast läksyä,fysiikka
oliko fyssasta mitään,fysiikka
oliks fyssast mitään,fysiikka
mikä oli historian läksy,historia
mitä tuli historiasta,historia
mitä tuli historiast,historia
historian läksy,historia
mitä historiasta tuli läksyksi,historia
mitä historiast tuli läksyks,historia
mitä historiasta oli läksynä,historia
mitä historiast oli läksynä,historia
läksyt historiasta,historia
läksyt historiast,historia
historian läksy,historia
oliko historiasta läksyä,historia
oliks historiast läksyä,historia
oliko historiasta mitään,historia
oliks historiast mitään,historia
mikä oli hissan läksy,historia
mitä tuli hissasta,historia
mitä tuli hissast,historia
hissan läksy,historia
mitä hissasta tuli läksyksi,historia
mitä hissast tuli läksyks,historia
mitä hissasta oli läksynä,historia
mitä hissast oli läksynä,historia
läksyt hissasta,historia
läksyt hissast,historia
hissan läksy,historia
oliko hissasta läksyä,historia
oliks hissast läksyä,historia
oliko hissasta mitään,historia
oliks hissast mitään,historia
mikä oli käsityön läksy,käsityö
mitä tuli käsityöstä,käsityö
mitä tuli käsityöst,käsityö
käsityön läksy,käsityö
mitä käsityöstä tuli läksyksi,käsityö
mitä käsityöst tuli läksyks,käsityö
mitä käsityöstä oli läksynä,käsityö
mitä käsityöst oli läksynä,käsityö
läksyt käsityöstä,käsityö
läksyt käsityöst,käsityö
käsityön läksy,käsityö
oliko käsityöstä läksyä,käsityö
oliks käsityöst läksyä,käsityö
oliko käsityöstä mitään,käsityö
oliks käsityöst mitään,käsityö
mikä oli kässän läksy,käsityö
mitä tuli kässästä,käsityö
mitä tuli kässäst,käsityö
kässän läksy,käsityö
mitä kässästä tuli läksyksi,käsityö
mitä kässäst tuli läksyks,käsityö
mitä kässästä oli läksynä,käsityö
mitä kässäst oli läksynä,käsityö
läksyt kässästä,käsityö
läksyt kässäst,käsityö
kässän läksy,käsityö
oliko kässästä läksyä,käsityö
oliks kässäst läksyä,käsityö
oliko kässästä mitään,käsityö
oliks kässäst mitään,käsityö
mikä oli kemian läksy,kemia
mitä tuli kemiasta,kemia
mitä tuli kemiast,kemia
kemian läksy,kemia
mitä kemiasta tuli läksyksi,kemia
mitä kemiast tuli läksyks,kemia
mitä kemiasta oli läksynä,kemia
mitä kemiast oli läksynä,kemia
läksyt kemiasta,kemia
läksyt kemiast,kemia
kemian läksy,kemia
oliko kemiasta läksyä,kemia
oliks kemiast läksyä,kemia
oliko kemiasta mitään,kemia
oliks kemiast mitään,kemia
mikä oli kemman läksy,kemia
mitä tuli kemmasta,kemia
mitä tuli kemmast,kemia
kemman läksy,kemia
mitä kemmasta tuli läksyksi,kemia
mitä kemmast tuli läksyks,kemia
mitä kemmasta oli läksynä,kemia
mitä kemmast oli läksynä,kemia
läksyt kemmasta,kemia
läksyt kemmast,kemia
kemman läksy,kemia
oliko kemmasta läksyä,kemia
oliks kemmast läksyä,kemia
oliko kemmasta mitään,kemia
oliks kemmast mitään,kemia
mikä oli kotitalouden läksy,kotitalous
mitä tuli kotitaloudesta,kotitalous
mitä tuli kotitaloudest,kotitalous
kotitalouden läksy,kotitalous
mitä kotitaloudesta tuli läksyksi,kotitalous
mitä kotitaloudest tuli läksyks,kotitalous
mitä kotitaloudesta oli läksynä,kotitalous
mitä kotitaloudest oli läksynä,kotitalous
läksyt kotitaloudesta,kotitalous
läksyt kotitaloudest,kotitalous
kotitalouden läksy,kotitalous
oliko kotitaloudesta läksyä,kotitalous
oliks kotitaloudest läksyä,kotitalous
oliko kotitaloudesta mitään,kotitalous
oliks kotitaloudest mitään,kotitalous
mikä oli köksän läksy,kotitalous
mitä tuli köksästä,kotitalous
mitä tuli köksäst,kotitalous
köksän läksy,kotitalous
mitä köksästä tuli läksyksi,kotitalous
mitä köksäst tuli läksyks,kotitalous
mitä köksästä oli läksynä,kotitalous
mitä köksäst oli läksynä,kotitalous
läksyt köksästä,kotitalous
läksyt köksäst,kotitalous
köksän läksy,kotitalous
oliko köksästä läksyä,kotitalous
oliks köksäst läksyä,kotitalous
oliko köksästä mitään,kotitalous
oliks köksäst mitään,kotitalous
mikä oli kuvataiteen läksy,kuvataide
mitä tuli kuvataiteesta,kuvataide
mitä tuli kuvataiteest,kuvataide
kuvataiteen läksy,kuvataide
mitä kuvataiteesta tuli läksyksi,kuvataide
mitä kuvataiteest tuli läksyks,kuvataide
mitä kuvataiteesta oli läksynä,kuvataide
mitä kuvataiteest oli läksynä,kuvataide
läksyt kuvataiteesta,kuvataide
läksyt kuvataiteest,kuvataide
kuvataiteen läksy,kuvataide
oliko kuvataiteesta läksyä,kuvataide
oliks kuvataiteest läksyä,kuvataide
oliko kuvataiteesta mitään,kuvataide
oliks kuvataiteest mitään,kuvataide
mikä oli kuvaamataidon läksy,kuvataide
mitä tuli kuvaamataidosta,kuvataide
mitä tuli kuvaamataidost,kuvataide
kuvaamataidon läksy,kuvataide
mitä kuvaamataidosta tuli läksyksi,kuvataide
mitä kuvaamataidost tuli läksyks,kuvataide
mitä kuvaamataidosta oli läksynä,kuvataide
mitä kuvaamataidost oli läksynä,kuvataide
läksyt kuvaamataidosta,kuvataide
läksyt kuvaamataidost,kuvataide
kuvaamataidon läksy,kuvataide
oliko kuvaamataidosta läksyä,kuvataide
oliks kuvaamataidost läksyä,kuvataide
oliko kuvaamataidosta mitään,kuvataide
oliks kuvaamataidost mitään,kuvataide
mikä oli kuviksen läksy,kuvataide
mitä tuli kuviksesta,kuvataide
mitä tuli kuviksest,kuvataide
kuviksen läksy,kuvataide
mitä kuviksesta tuli läksyksi,kuvataide
mitä kuviksest tuli läksyks,kuvataide
mitä kuviksesta oli läksynä,kuvataide
mitä kuviksest oli läksynä,kuvataide
läksyt kuviksesta,kuvataide
läksyt kuviksest,kuvataide
kuviksen läksy,kuvataide
oliko kuviksesta läksyä,kuvataide
oliks kuviksest läksyä,kuvataide
oliko kuviksesta mitään,kuvataide
oliks kuviksest mitään,kuvataide
mikä oli liikunnan läksy,liikunta
mitä tuli liikunnasta,liikunta
mitä tuli liikunnast,liikunta
liikunnan läksy,liikunta
mitä liikunnasta tuli läksyksi,liikunta
mitä liikunnast tuli läksyks,liikunta
mitä liikunnasta oli läksynä,liikunta
mitä liikunnast oli läksynä,liikunta
läksyt liikunnasta,liikunta
läksyt liikunnast,liikunta
liikunnan läksy,liikunta
oliko liikunnasta läksyä,liikunta
oliks liikunnast läksyä,liikunta
oliko liikunnasta mitään,liikunta
oliks liikunnast mitään,liikunta
mikä oli liikan läksy,liikunta
mitä tuli liikasta,liikunta
mitä tuli liikast,liikunta
liikan läksy,liikunta
mitä liikasta tuli läksyksi,liikunta
mitä liikast tuli läksyks,liikunta
mitä liikasta oli läksynä,liikunta
mitä liikast oli läksynä,liikunta
läksyt liikasta,liikunta
läksyt liikast,liikunta
liikan läksy,liikunta
oliko liikasta läksyä,liikunta
oliks liikast läksyä,liikunta
oliko liikasta mitään,liikunta
oliks liikast mitään,liikunta
mikä oli maantiedon läksy,maantieto
mitä tuli maantiedosta,maantieto
mitä tuli maantiedost,maantieto
maantiedon läksy,maantieto
mitä maantiedosta tuli läksyksi,maantieto
mitä maantiedost tuli läksyks,maantieto
mitä maantiedosta oli läksynä,maantieto
mitä maantiedost oli läksynä,maantieto
läksyt maantiedosta,maantieto
läksyt maantiedost,maantieto
maantiedon läksy,maantieto
oliko maantiedosta läksyä,maantieto
oliks maantiedost läksyä,maantieto
oliko maantiedosta mitään,maantieto
oliks maantiedost mitään,maantieto
mikä oli mantsan läksy,maantieto
mitä tuli mantsasta,maantieto
mitä tuli mantsast,maantieto
mantsan läksy,maantieto
mitä mantsasta tuli läksyksi,maantieto
mitä mantsast tuli läksyks,maantieto
mitä mantsasta oli läksynä,maantieto
mitä mantsast oli läksynä,maantieto
läksyt mantsasta,maantieto
läksyt mantsast,maantieto
mantsan läksy,maantieto
oliko mantsasta läksyä,maantieto
oliks mantsast läksyä,maantieto
oliko mantsasta mitään,maantieto
oliks mantsast mitään,maantieto
mikä oli matikan läksy,matematiikka
mitä tuli matikasta,matematiikka
mitä tuli matikast,matematiikka
matikan läksy,matematiikka
mitä matikasta tuli läksyksi,matematiikka
mitä matikast tuli läksyks,matematiikka
mitä matikasta oli läksynä,matematiikka
mitä matikast oli läksynä,matematiikka
läksyt matikasta,matematiikka
läksyt matikast,matematiikka
matikan läksy,matematiikka
oliko matikasta läksyä,matematiikka
oliks matikast läksyä,matematiikka
oliko matikasta mitään,matematiikka
oliks matikast mitään,matematiikka
mikä oli matematiikan läksy?,matematiikka
mitä tuli matematiikasta?,matematiikka
mitä tuli matematiikast?,matematiikka
matematiikan läksy?,matematiikka
mitä matematiikasta tuli läksyksi?,matematiikka
mitä matematiikast tuli läksyks?,matematiikka
mitä matematiikasta oli läksynä?,matematiikka
mitä matematiikast oli läksynä?,matematiikka
läksyt matematiikasta?,matematiikka
läksyt matematiikast?,matematiikka
matematiikan läksy?,matematiikka
oliko matematiikasta läksyä?,matematiikka
oliks matematiikast läksyä?,matematiikka
oliko matematiikasta mitään?,matematiikka
oliks matematiikast mitään?,matematiikka
mikä oli musiikin läksy,musiikki
mitä tuli musiikista,musiikki
mitä tuli musiikist,musiikki
musiikin läksy,musiikki
mitä musiikista tuli läksyksi,musiikki
mitä musiikist tuli läksyks,musiikki
mitä musiikista oli läksynä,musiikki
mitä musiikist oli läksynä,musiikki
läksyt musiikista,musiikki
läksyt musiikist,musiikki
musiikin läksy,musiikki
oliko musiikista läksyä,musiikki
oliks musiikist läksyä,musiikki
oliko musiikista mitään,musiikki
oliks musiikist mitään,musiikki
mikä oli musan läksy,musiikki
mitä tuli musasta,musiikki
mitä tuli musast,musiikki
musan läksy,musiikki
mitä musasta tuli läksyksi,musiikki
mitä musast tuli läksyks,musiikki
mitä musasta oli läksynä,musiikki
mitä musast oli läksynä,musiikki
läksyt musasta,musiikki
läksyt musast,musiikki
musan läksy,musiikki
oliko musasta läksyä,musiikki
oliks musast läksyä,musiikki
oliko musasta mitään,musiikki
oliks musast mitään,musiikki
mikä oli mussan läksy,musiikki
mitä tuli mussasta,musiikki
mitä tuli mussast,musiikki
mussan läksy,musiikki
mitä mussasta tuli läksyksi,musiikki
mitä mussast tuli läksyks,musiikki
mitä mussasta oli läksynä,musiikki
mitä mussast oli läksynä,musiikki
läksyt mussasta,musiikki
läksyt mussast,musiikki
mussan läksy,musiikki
oliko mussasta läksyä,musiikki
oliks mussast läksyä,musiikki
oliko mussasta mitään,musiikki
oliks mussast mitään,musiikki
mikä oli ranskan läksy,ranska
mitä tuli ranskasta,ranska
mitä tuli ranskast,ranska
ranskan läksy,ranska
mitä ranskasta tuli läksyksi,ranska
mitä ranskast tuli läksyks,ranska
mitä ranskasta oli läksynä,ranska
mitä ranskast oli läksynä,ranska
läksyt ranskasta,ranska
läksyt ranskast,ranska
ranskan läksy,ranska
oliko ranskasta läksyä,ranska
oliks ranskast läksyä,ranska
oliko ranskasta mitään,ranska
oliks ranskast mitään,ranska
mikä oli ruotsin läksy,ruotsi
mitä tuli ruotsista,ruotsi
mitä tuli ruotsist,ruotsi
ruotsin läksy,ruotsi
mitä ruotsista tuli läksyksi,ruotsi
mitä ruotsist tuli läksyks,ruotsi
mitä ruotsista oli läksynä,ruotsi
mitä ruotsist oli läksynä,ruotsi
läksyt ruotsista,ruotsi
läksyt ruotsist,ruotsi
ruotsin läksy,ruotsi
oliko ruotsista läksyä,ruotsi
oliks ruotsist läksyä,ruotsi
oliko ruotsista mitään,ruotsi
oliks ruotsist mitään,ruotsi
mikä oli saksan läksy,saksa
mitä tuli saksasta,saksa
mitä tuli saksast,saksa
saksan läksy,saksa
mitä saksasta tuli läksyksi,saksa
mitä saksast tuli läksyks,saksa
mitä saksasta oli läksynä,saksa
mitä saksast oli läksynä,saksa
läksyt saksasta,saksa
läksyt saksast,saksa
saksan läksy,saksa
oliko saksasta läksyä,saksa
oliks saksast läksyä,saksa
oliko saksasta mitään,saksa
oliks saksast mitään,saksa
mikä oli terveystiedon läksy,terveystieto
mitä tuli terveystiedosta,terveystieto
mitä tuli terveystiedost,terveystieto
terveystiedon läksy,terveystieto
mitä terveystiedosta tuli läksyksi,terveystieto
mitä terveystiedost tuli läksyks,terveystieto
mitä terveystiedosta oli läksynä,terveystieto
mitä terveystiedost oli läksynä,terveystieto
läksyt terveystiedosta,terveystieto
läksyt terveystiedost,terveystieto
terveystiedon läksy,terveystieto
oliko terveystiedosta läksyä,terveystieto
oliks terveystiedost läksyä,terveystieto
oliko terveystiedosta mitään,terveystieto
oliks terveystiedost mitään,terveystieto
mikä oli tetin läksy,terveystieto
mitä tuli tetistä,terveystieto
mitä tuli tetist,terveystieto
tetin läksy,terveystieto
mitä tetistä tuli läksyksi,terveystieto
mitä tetist tuli läksyks,terveystieto
mitä tetistä oli läksynä,terveystieto
mitä tetist oli läksynä,terveystieto
läksyt tetistä,terveystieto
läksyt tetist,terveystieto
tetin läksy,terveystieto
oliko tetistä läksyä,terveystieto
oliks tetist läksyä,terveystieto
oliko tetistä mitään,terveystieto
oliks tetist mitään,terveystieto
mikä oli tt läksy,terveystieto
mitä tuli tt,terveystieto
mitä tuli tt,terveystieto
tt läksy,terveystieto
mitä tt tuli läksyksi,terveystieto
mitä tt tuli läksyks,terveystieto
mitä tt oli läksynä,terveystieto
mitä tt oli läksynä,terveystieto
läksyt tt,terveystieto
läksyt tt,terveystieto
tt läksy,terveystieto
oliko tt läksyä,terveystieto
oliks tt läksyä,terveystieto
oliko tt mitään,terveystieto
oliks tt mitään,terveystieto
mikä oli uskonnon läksy,uskonto
mitä tuli uskonnosta,uskonto
mitä tuli uskonnost,uskonto
uskonnon läksy,uskonto
mitä uskonnosta tuli läksyksi,uskonto
mitä uskonnost tuli läksyks,uskonto
mitä uskonnosta oli läksynä,uskonto
mitä uskonnost oli läksynä,uskonto
läksyt uskonnosta,uskonto
läksyt uskonnost,uskonto
uskonnon läksy,uskonto
oliko uskonnosta läksyä,uskonto
oliks uskonnost läksyä,uskonto
oliko uskonnosta mitään,uskonto
oliks uskonnost mitään,uskonto
mikä oli ussan läksy,uskonto
mitä tuli ussasta,uskonto
mitä tuli ussast,uskonto
ussan läksy,uskonto
mitä ussasta tuli läksyksi,uskonto
mitä ussast tuli läksyks,uskonto
mitä ussasta oli läksynä,uskonto
mitä ussast oli läksynä,uskonto
läksyt ussasta,uskonto
läksyt ussast,uskonto
ussan läksy,uskonto
oliko ussasta läksyä,uskonto
oliks ussast läksyä,uskonto
oliko ussasta mitään,uskonto
oliks ussast mitään,uskonto
mikä oli venäjän läksy,venäjä
mitä tuli venäjästä,venäjä
mitä tuli venäjäst,venäjä
venäjän läksy,venäjä
mitä venäjästä tuli läksyksi,venäjä
mitä venäjäst tuli läksyks,venäjä
mitä venäjästä oli läksynä,venäjä
mitä venäjäst oli läksynä,venäjä
läksyt venäjästä,venäjä
läksyt venäjäst,venäjä
venäjän läksy,venäjä
oliko venäjästä läksyä,venäjä
oliks venäjäst läksyä,venäjä
oliko venäjästä mitään,venäjä
oliks venäjäst mitään,venäjä
mikä oli yhteiskuntaopin läksy,yhteiskuntaoppi
mitä tuli yhteiskuntaopista,yhteiskuntaoppi
mitä tuli yhteiskuntaopist,yhteiskuntaoppi
yhteiskuntaopin läksy,yhteiskuntaoppi
mitä yhteiskuntaopista tuli läksyksi,yhteiskuntaoppi
mitä yhteiskuntaopist tuli läksyks,yhteiskuntaoppi
mitä yhteiskuntaopista oli läksynä,yhteiskuntaoppi
mitä yhteiskuntaopist oli läksynä,yhteiskuntaoppi
läksyt yhteiskuntaopista,yhteiskuntaoppi
läksyt yhteiskuntaopist,yhteiskuntaoppi
yhteiskuntaopin läksy,yhteiskuntaoppi
oliko yhteiskuntaopista läksyä,yhteiskuntaoppi
oliks yhteiskuntaopist läksyä,yhteiskuntaoppi
oliko yhteiskuntaopista mitään,yhteiskuntaoppi
oliks yhteiskuntaopist mitään,yhteiskuntaoppi
mikä oli yh läksy,yhteiskuntaoppi
mitä tuli yh,yhteiskuntaoppi
mitä tuli yh,yhteiskuntaoppi
yh läksy,yhteiskuntaoppi
mitä yh tuli läksyksi,yhteiskuntaoppi
mitä yh tuli läksyks,yhteiskuntaoppi
mitä yh oli läksynä,yhteiskuntaoppi
mitä yh oli läksynä,yhteiskuntaoppi
läksyt yh,yhteiskuntaoppi
läksyt yh,yhteiskuntaoppi
yh läksy,yhteiskuntaoppi
oliko yh läksyä,yhteiskuntaoppi
oliks yh läksyä,yhteiskuntaoppi
oliko yh mitään,yhteiskuntaoppi
oliks yh mitään,yhteiskuntaoppi
mä aion pelaa Tomii vastaa,keskustelu
indirect,keskustelu
Cmon,keskustelu
?,keskustelu
tuutko Tomi?,keskustelu
Kawa on skämmeri. Skämmereillä on pienet penikset. Kawalla on pienet penikset.,keskustelu
minulla on monta penistä??,keskustelu
Sinulla on peniksetyhdys sana,keskustelu
KLL O ENS,keskustelu
Eihä täst tuu joku juttu?,keskustelu
meemi,keskustelu
Dulle,keskustelu
voi viddu,keskustelu
Kawwan Beningset ygsi kawwa pennis on 0.069 jokto metriä,keskustelu
Gulla,keskustelu
Jos on girjoidus wirheidä ei ginnosta,keskustelu
OI,keskustelu
Kowo Rojo,keskustelu
Kewe Reje,keskustelu
Kuwu Ruju,keskustelu
Kiwi Riji,keskustelu
Kumpi on oikein wie fuhren vai wie fuhrer,keskustelu
Koska mul on epäselvästi,keskustelu
führer,keskustelu
Sieg heil,keskustelu
Wie fuhrer?wie fuhren := me ajoimme,keskustelu
Wir*,keskustelu
Typo,keskustelu
Wie on niinku kuinka,keskustelu
Nii,keskustelu
"Kuinka, miten",keskustelu
Millainen,keskustelu
Ich esse aß,keskustelu
Minä syön söin,keskustelu
Ich esse poopoo,keskustelu
Popo*,keskustelu
Vaihtakaa nimi,keskustelu
Minä syön peppu,keskustelu
Mikä on perse saksaks,keskustelu
En tiedä,keskustelu
Mutta tosta puuttuu artikkeli,keskustelu
te olisitte voineet olla vähän  luovia,keskustelu
"Little Gay Boy KILLS HIMSELF After Someone Comments ""You're Gay lol"" on Youtube",keskustelu
Ich esse den popo,keskustelu
Hienoa Lukas,keskustelu
Ayyy lmao,keskustelu
https://youtu.be/E_XYIHbPO84,keskustelu
Millon meillä siis on se tupla hissantunti,keskustelu
Huomenna,keskustelu
Ai bilsan sijasta?,keskustelu
Joo,keskustelu
Okei,keskustelu
Onko mitään käryä missä päin maailmaa se tunti tapahruu,keskustelu
varmaa 258,keskustelu
vai?,keskustelu
ELIEL!!!,keskustelu
Pi,keskustelu
Saksan showbie juttu,keskustelu
68EVV,keskustelu
Kun tuun kotiin ja mun veli kattoo Space jamiä,keskustelu
Space jam o vitu kova square the fuck up,keskustelu
COME ON AND SLAM!!!!!,keskustelu
...,keskustelu
Däb,keskustelu
Ass,keskustelu
https://youtu.be/t-Rb7cVEyq8,keskustelu
https://youtu.be/t-Rb7cVEyq8,keskustelu
https://youtu.be/t-Rb7cVEyq8,keskustelu
https://youtu.be/t-Rb7cVEyq8,keskustelu
https://youtu.be/t-Rb7cVEyq8,keskustelu
https://youtu.be/t-Rb7cVEyq8,keskustelu
https://youtu.be/t-Rb7cVEyq8,keskustelu
https://youtu.be/t-Rb7cVEyq8,keskustelu
https://youtu.be/t-Rb7cVEyq8,keskustelu
Lapset vitun rippi paska alkaa,keskustelu
Ite oot paska,keskustelu
däb,keskustelu
Moving that corn flakes,keskustelu
C O N S U M E,keskustelu
https://youtu.be/VBbFSEKm3j4 Damn i need one of those,keskustelu
Mihin pitää siis mennä huomen ja mihin aikaan,keskustelu
Niinku luki et 11.30 lähtö koululta,keskustelu
Mut on sitä ennen tunteja,keskustelu
Eli huomenna ei ole kemiaa ja äikkää,keskustelu
Niimpäs taitaa olla,keskustelu
Eli ei reppua kouluun,keskustelu
No kyl sä tarviit,keskustelu
Siis ranskaa ja bilsaa on,keskustelu
BOOM! ROASTED!,keskustelu
elokuva,keskustelu
"07:53, 9/29/2017] Lukas Korkeamäki: No se on sun virhees",keskustelu
Miten niin?,keskustelu
https://www.reddit.com/r/surrealmemes/comments/72royg/riddle_of_the_rocks/,keskustelu
Onko eliel palolahti bussissa,keskustelu
Sillä ei ole puhelinta eikä osaa ajaa sinne ja nyt en tiedä missä se on,keskustelu
Haloo onko ketään joka tietää missä palolahti.on,keskustelu
Ei näyttäis olevan tääl perillä,keskustelu
Pitääks mun nyt sit odottaa vai?,keskustelu
On bussissa,keskustelu
Lähenks mä vai,keskustelu
Palolahti,keskustelu
Älä,keskustelu
Xd,keskustelu
Onko bussissa???,keskustelu
Onko,keskustelu
Camaan,keskustelu
En tiedä,keskustelu
Joku pliis lukekaa wapia,keskustelu
Mitä kaappo sanoi,keskustelu
On ja xd,keskustelu
Eli ei,keskustelu
Bussin sisältnää 1 klp ElEil Paloldhti,keskustelu
Camaan,keskustelu
Hyvä,keskustelu
"Miksi, se halus et mä odotan sitä, voi vittu",keskustelu
Minkä on vaikgea ümmmärttä,keskustelu
Kuin kauan et te tuutte sil bussil tänne,keskustelu
Alkaa olla tylsää,keskustelu
Ollaan nyt Tampmwrneella,keskustelu
No hyvä,keskustelu
Joo,keskustelu
Mik s,keskustelu
Kosksa mixki ayj,keskustelu
MIKS SÄ OOY TAMPEREELLA,keskustelu
e okli witsde,keskustelu
No ei se enää oo idiootti,keskustelu
Nonhyvä,keskustelu
http://www.bbc.com/news/blogs-trending-41399164,keskustelu
Lopeta,keskustelu
LOL,keskustelu
LOL,keskustelu
"Hyvin meni, Kawa",keskustelu
TS W,keskustelu
https://youtu.be/n1rK3-mSLBM,keskustelu
KAWANUGETTEJA!!!,keskustelu
Lopeta,keskustelu
KAWANUGETTEJA!!!,keskustelu
TKRSZU,keskustelu
T,keskustelu
K,keskustelu
R,keskustelu
S,keskustelu
Z,keskustelu
U,keskustelu
TKRSZU,keskustelu
Aloitteliat,keskustelu
TEBNEDEi,keskustelu
Ei se anna orgasmia,keskustelu
Sen on tarkotus kuullostaa rauhalliselta,keskustelu
VITUN NORMIT REEEEEEEEEEEE,keskustelu
antaa aivo-orgasmin,keskustelu
Ihan sama,keskustelu
Sama asia,keskustelu
A round of applause,keskustelu
Listen up,keskustelu
If you don't play the craft,keskustelu
"You can't get the shaftIf you don't like the (to)blox, you can't get the Cox",keskustelu
*ro,keskustelu
Miten teitte sen kirjatori itsearvioinnin,keskustelu
Niinku missä teitte sen ja minne lähetitte,keskustelu
?,keskustelu
"Antaisin itselleni arvosanan 10, koska:",keskustelu
"mukana ryhmämme yhteisten muistiinpanojen tekemisessä, ja organisoin suurimman osan projektista sekä huolehdin sen valmistumisesta.",keskustelu
"ssä järjestyksessä asiat kannatti sanoa, jotta kuuntelijoilla riitti mielenkiintoa koko puheenvuoron ajaksi",keskustelu
"ti, kerroin paljon asioita, joita ei lukenut muistiinpanoissamme, ja en lukenut suoraan paperista ollenkaan.",keskustelu
tyyliin tollei,keskustelu
laita osoitteeseen tiina.salonen@espoo.fi,keskustelu
Siis missä teit sen ja minne lähetit,keskustelu
perseessä,keskustelu
Kirjotitkonsähköpodtin,keskustelu
Kylläkirjoitinsähköpodtin,keskustelu
Kiidoskaabitkrszu,keskustelu
Kaappon ääninäyte,keskustelu
TEEKOOÄRÄSTSETAUUÖÖ,keskustelu
Kuin pitkä sen mielipidekirjoituksen pitää olla,keskustelu
Mistä,keskustelu
Äikkä,keskustelu
250 sanaa,keskustelu
Ok,keskustelu
mikä se linkki siihen mantsanprokkiskseen on,keskustelu
löyty,keskustelu
EIKU EI Löytyny,keskustelu
siis missä projektiohje on,keskustelu
HUHUU,keskustelu
En löydä,keskustelu
Wilmassa,keskustelu
O SHIT,keskustelu
MILLO MIELIPIDE HOMMA PITÄÄ OLLA VALMIBNA,keskustelu
Must huomenna,keskustelu
o no,keskustelu
laita se linkki,keskustelu
Voiks jku laittaa linkin siihen mantsan työhön,keskustelu
Mistä sen edes löytäisi?,keskustelu
Wilmasta,keskustelu
hietaranta laitto just linkin,keskustelu
Siellä ei ole muuta kuin se väestö tieto linkki,keskustelu
Niin?,keskustelu
Kakkasetä,keskustelu
yhdys sana,keskustelu
Haistapaska äläviilaapilkkua,keskustelu
yhdys sana,keskustelu
Haistapaskaäläviilaapilkkua,keskustelu
Muista tuoda 50 senttiä kouluun Kaappo,keskustelu
misät sä puhut=,keskustelu
En tiiä=,keskustelu
keskustelkaa gruopissa,keskustelu
nice,keskustelu
ei voi pistää dm,keskustelu
Lainasit minulta rahaa kun halusit ostaa pepsin,keskustelu
jatkakaa groupissa,keskustelu
Voiksä kuolla,keskustelu
Mikä vottu on teidä ongelma,keskustelu
AAAAAAA,keskustelu
Vain Vilho jutut,keskustelu
Yhdys sana,keskustelu
Miks sä teet tätä,keskustelu
Ruma jätkä,keskustelu
Ei saa haukkua!,keskustelu
Mikä vittu sun ongelna on,keskustelu
Eksä osaa arvostaa taidetta,keskustelu
yhdys sana,keskustelu
Ei kiroilla mun kristillisserverillä,keskustelu
The three states of matter :^ ),keskustelu
Missä on solidus,keskustelu
Mikä vottu tiedän ongelma on,keskustelu
Ai tiedät mikä ongelma on,keskustelu
No sepä hienoa,keskustelu
.,keskustelu
Harmi vain en saanut tätä teksti muotoon,keskustelu
Harmi tosiaankinYhdys sana poliisi,keskustelu
Yhdys sana on yhdyssana,keskustelu
Yhdyssanapoliisi on yhdys sana,keskustelu
Vittu kaappo sä oot paksa,keskustelu
Testaanpa vaan,keskustelu
Kuinka monella eri ole äänettömällä,keskustelu
Kuole,keskustelu
https://youtu.be/TaPFiVLYgnw,keskustelu
https://youtu.be/hzBj68GXWok,keskustelu
On nyt hassua,keskustelu
Että oikein kopioit sen,keskustelu
No sä vähä niinku annoit,keskustelu
Tosta tulee 7,keskustelu
nasia,keskustelu
No mist sä tiedät,keskustelu
https://youtu.be/MP4aRzOnn6k,keskustelu
Dab,keskustelu
Et oo hauska,keskustelu
Aimäenoohauska,keskustelu
niin just,keskustelu
Et oo hauska Kaappo täs ryhmäs,keskustelu
"On nyt hassua, että oikein kopioit sen.",keskustelu
Harmi vain en saanut tätä teksti muotoon,keskustelu
kieli oppi mitä välii kerta ajatus välittyy pisteet pilkut miks tarvis,keskustelu
kieli oppi mitä välii kerta ajatus välittyy pisteet pilkut miks tarvis,keskustelu
kieli oppi mitä välii kerta ajatus välittyy pisteet pilkut miks tarvis,keskustelu
kieli oppi mitä välii kerta ajatus välittyy pisteet pilkut miks tarvis,keskustelu
kieli oppi mitä välii kerta ajatus välittyy pisteet pilkut miks tarvis,keskustelu
Harmi vain en saanut tätä teksti muotoon,keskustelu
kieli oppi mitä välii kerta ajatus välittyy pisteet pilkut miks tarvis,keskustelu
Et oo hauska,keskustelu
kieli oppi mitä välii kerta ajatus välittyy pisteet pilkut miks tarvis,keskustelu
AVATKAA OVI,keskustelu
Homo,keskustelu
Miten niin?,keskustelu
nvm,keskustelu
HAHSHAHA,keskustelu
https://youtu.be/n38Qxi7TVWokieli oppi mitä välii kerta ajatus välittyy pisteet pilkut miks tarvis,keskustelu
AVATKAA OVI,keskustelu
Wow,keskustelu
https://youtu.be/iCX_33ZDsl8,keskustelu
Missä te ootte,keskustelu
192,keskustelu
????,keskustelu
Miks,keskustelu
Koska Päivi sano,keskustelu
"Kiitos tästä, rakas kanssanatsini",keskustelu
...,keskustelu
200 iq,keskustelu
Khylhat fools.. how I pity them.,keskustelu
Pylly,keskustelu
"Hei arvatkaa kuka pääs datatähden (ohjelmoinnin ""suomenmestaruus"") loppukilpailuun",keskustelu
Spede pasanen?,keskustelu
Ei,keskustelu
mutsis,keskustelu
Hermann Göring?,keskustelu
Eiku sun,keskustelu
Adolf Hitler?,keskustelu
Tää oli jo lähempänä,keskustelu
Heinrich Himmler,keskustelu
?,keskustelu
Joo,keskustelu
Snowden,keskustelu
just se,keskustelu
Jaa,keskustelu
No onnee himmlerille,keskustelu
Tää on oikee tyyppi joka on ollu joissakin iso britannian vaaleissa,keskustelu
https://en.m.wikipedia.org/wiki/Lord_Buckethead,keskustelu
Lord buckethead oli niinku paras ehdokas niis vaaleis,keskustelu
Elmo oli parempi,keskustelu
Pylly,keskustelu
Voi vittu mut on skämmätty,keskustelu
Harmi,keskustelu
9/2017] Vilho Kangas: Ei,keskustelu
https://youtu.be/5hZXxrzsQOA,keskustelu
Kawa,keskustelu
Minä,keskustelu
Nonono,keskustelu
R E A L   F A N Shttps://youtu.be/4PVJioxx638,keskustelu
https://youtu.be/2AIJuRGYmWk,keskustelu
https://youtu.be/aLEZunJm,keskustelu
https://youtu.be/iagUmxfdj0E,keskustelu
Mä sain nimipäivälahjaks fidget spinnerin,keskustelu
Rip,keskustelu
Paljonko Espoossa on asteita,keskustelu
360,keskustelu
3 varmaa,keskustelu
Taisiis 720,keskustelu
Ha,keskustelu
Koska E s p o o,keskustelu
Espoo ei oo koko maapallon ympäri kahdesti,keskustelu
Miten se tähän liittyy,keskustelu
Sillon tää on väärin,keskustelu
Espoo on noin 60° N ja 25° E,keskustelu
Ha,keskustelu
Got 'em,keskustelu
Et,keskustelu
https://youtu.be/n0qFcRSwhb0,keskustelu
"Olen 30° Itäistä leveyttä mutta Suomessa, missä olen?",keskustelu
Itäistä leveyttä.,keskustelu
kyllä,keskustelu
Pohjoista paksuutta 33kg,keskustelu
Eliel Piispanen:,keskustelu
", pääkonsulissa",keskustelu
Sh,keskustelu
Ole hiljaisuus,keskustelu
"Hei jos ikinä joku sanoo et menkää johonki steam-halloween piste comiin niin älkää menkö, se on skämmi",keskustelu
Menkää steam.halloween.com,keskustelu
Menkää steam-halloween.com,keskustelu
Omaperästä kaappo,keskustelu
Lukas sun linkki ei toimi,keskustelu
On meillä järkeviä ihmisiä,keskustelu
Menkää steam-halloween.com,keskustelu
...,keskustelu
Kun luukkaan linkki edes toiminut,keskustelu
Voi vitsi Lukas!,keskustelu
Hyvin meni Lukas,keskustelu
Musta tuntuu et vella oli kittys milkshake baaris taksvärkis,keskustelu
Hmm,keskustelu
Musta tuntuu et Lukas on pylly,keskustelu
Hähäögöghö,keskustelu
Älä hauku,keskustelu
Plus sä et saa tehä tota koska se ei miellytä kaappoa,keskustelu
Mitä ei saa tehdä?,keskustelu
Ei saa haukkua pyllyks,keskustelu
Pylly,keskustelu
Nii joo huomen on nimistökoe,keskustelu
Eiku ylihuomenna,keskustelu
Ai,keskustelu
Eiku voi helvetti,keskustelu
MILLON SE ON,keskustelu
Huomenna,keskustelu
pyllyVäärä emoji,keskustelu
Voi vitsi Eliel!,keskustelu
Kawa is into bestiality,keskustelu
Molukkiravut ovat seksikkäitä - Kawa Raja,keskustelu
????????,keskustelu
Mä annan niille blowjobeja - Kawa Raja,keskustelu
?????????,keskustelu
miks tää on läksy ryhmässä?,keskustelu
miks tää on läksy ryhmässä?,keskustelu
"Onneksi olkoon, Kawa",keskustelu
Molukkiravut ovat seksikkäitä - Kawa Raja,keskustelu
Mä annan niille blowjobeja - Kawa Raja,keskustelu
???????????,keskustelu
Molukkiravut ovat seksikkäitä - Kawa Raja,keskustelu
????????,keskustelu
Mä annan niille blowjobeja - Kawa Raja,keskustelu
?????,keskustelu
"Kawa, mä tarvin mun kynän takaisin",keskustelu
AINIII,keskustelu
SORI,keskustelu
https://strawpoll.com/7s61wc4z,keskustelu
https://youtu.be/KEoGrbKAyKE,keskustelu
EXPECT THE UNEXPECABLE,keskustelu
Edes se ohjaaja ei tiedä kuka tappo sen,keskustelu
Nii,keskustelu
Se va kuolee,keskustelu
NONNII,keskustelu
jumalauta kawa',keskustelu
Tuo ei ole hauskaa,keskustelu
Ei kiroilla minecraftissa,keskustelu
Äksdee,keskustelu
Kuinkas monta tuolta toisesta ryhmästä pitää oikein poistaa ennen kuin se meno vähän rauhottuu? :=?,keskustelu
Kuinkas monta kertaa pitää sanoa että maailma ei pyöri sun ympärillä,keskustelu
oikeesti,keskustelu
Olen samaa mieltä,keskustelu
ei siinä oo pointtia että pidetään siellä idiootteaj,keskustelu
idiootteaj,keskustelu
Ei mut hei sähä voit poistaa kaikkia vaik kuin mont kertaa ku mä oon kuitenki ainoo joka vihaa sua,keskustelu
Laittakaa se kaikki paska läppä tänne,keskustelu
EIKÄ läksyryhmään,keskustelu
Iha rauhas,keskustelu
"Lukas, sä oot ainoo joka vihaa mua, mut kaikki muut vihaa sua",keskustelu
"4, 10/24/2017] +358 44 2794938: Harvinaisen totta",keskustelu
https://youtu.be/jEHn1klnIpg,keskustelu
En mä ole vihanen,keskustelu
Etpä,keskustelu
https://youtu.be/jEHn1klnIpg,keskustelu
Oon täysin valmis seisomaan mielipiteiteni takana,keskustelu
Joo-o,keskustelu
https://youtu.be/jEHn1klnIpg,keskustelu
into lopeta,keskustelu
Ymmärrättekö nyt: Tähän ryhmään paska läppä...,keskustelu
https://youtu.be/jEHn1klnIpg,keskustelu
Olisko mahdollista?,keskustelu
https://youtu.be/jEHn1klnIpg,keskustelu
Kawa on edelleen lapsi...,keskustelu
https://youtu.be/jEHn1klnIpg,keskustelu
Mites muut: olisko mahollista,keskustelu
Väärä ryhmä,keskustelu
Hups,keskustelu
Poistin luukkaan,keskustelu
.,keskustelu
Onhan se kova se pyssypate,keskustelu
Oikee seriffi,keskustelu
Niinpä niin,keskustelu
https://youtu.be/kRXry95Q6e0,keskustelu
Mitä äikäst tuli,keskustelu
Mun rakastaja,keskustelu
Täh?,keskustelu
Joona läskinen,keskustelu
Mun rakastaja,keskustelu
Hagäy,keskustelu
Emme suvaitse homofobiaa tällä roblox-serverillä,keskustelu
My name nuts,keskustelu
My name nuts,keskustelu
My name nuts,keskustelu
My name nuts,keskustelu
My name nuts,keskustelu
My name nuts,keskustelu
Emme suvaitse homofobiaa tällä roblox-serverillä,keskustelu
My name nuts,keskustelu
My name nuts,keskustelu
My name nuts,keskustelu
My name nuts,keskustelu
My name nuts,keskustelu
My name nuts,keskustelu
Tuon noin 30 pussia sipsiä ja popcornia,keskustelu
Sius yhteensä,keskustelu
Niin mikä oisi hyvä hintA?,keskustelu
Koko?,keskustelu
Tuon jtai piirakoita ja mehua,keskustelu
Sanoisin itse että 2,keskustelu
Per pussi,keskustelu
Niinku yli kämmenen kokosii,keskustelu
"Hinnastossa on 1,50",keskustelu
Ok,keskustelu
Se on iha jees,keskustelu
Miks te laitatte kaikki hinnat alakanttiin,keskustelu
Noin 24 h aikasemmin olis ollut ihan hyvä,keskustelu
Sanoa siis,keskustelu
Mä just tuhlasin kymmenen senttiä jäätyneeseen nakkiin,keskustelu
Sit se ryöstettiin multa,keskustelu
Jäänakki!,keskustelu
Mikä on jäänakki?,keskustelu
Jäänakki,keskustelu
https://youtu.be/3M_5oYU-IsU,keskustelu
Ui juma,keskustelu
https://youtu.be/dCXHQMM1tdE,keskustelu
Mitäköhän mieltä toi heppu on elämästään?,keskustelu
Hei ketkä haluu ostaa partiolaisten adventtikalentereita,keskustelu
Ehk mun öiti,keskustelu
Noni,keskustelu
Ranskalaiset perunat?,keskustelu
Mä,keskustelu
https://youtu.be/AfIOBLr1NDU,keskustelu
Äh whatsapp rajaa sen jos ei klikaa,keskustelu
Tosin in se ihan hyvä niinkin,keskustelu
Hassu meemi,keskustelu
Ei ole,keskustelu
Se on käskyHassu käsky,keskustelu
https://youtu.be/fVlLqHT6gog,keskustelu
Ei vittu se on lehtinen!,keskustelu
Mikä lehtinen,keskustelu
Lehtinen on täällä!!!!,keskustelu
Leafy,keskustelu
Aaa,keskustelu
Laittakaa se kaikki paska läppä läksyryhmään,keskustelu
EIKÄ tänne,keskustelu
Tarviiko ottaa reppua mukaan tnä. ?,keskustelu
Ei mun mielest,keskustelu
Syytän sinua jos tarvitaan,keskustelu
Niin mäkin,keskustelu
Meil on mantsaa ehk,keskustelu
ei ole,keskustelu
Paitsi jos me käytetään se koko tunti siivoomiseen,keskustelu
"TARKISTA VIESTI, SIINÄ EI KERROTA MANTSAN TUNNIN VIETTÄMISESTÄ",keskustelu
Mantsaan ei tarvi kamoja,keskustelu
Me vaa siivotaa ja tehää jotai pelle hommaa,keskustelu
Ja sit lähetää vittuu,keskustelu
Pelle hommaa,keskustelu
Just nii,keskustelu
Ei opiskella,keskustelu
Kawa rakastelee Snoop Doggia,keskustelu
...,keskustelu
Indeed,keskustelu
Kaappon wilmaviesti,keskustelu
Oh jes,keskustelu
Oh no,keskustelu
Oh yis,keskustelu
Nononooo,keskustelu
When the pimps in the crib,keskustelu
Oh yes,keskustelu
Oh yis,keskustelu
"It's Halloween, bois and gurlz!",keskustelu
Kuole,keskustelu
Elä,keskustelu
When they ask how ur mom doing,keskustelu
HUOMENNA KEMIAN IONIKOE. IONIEN NIMET KEMIALLISET MERKIT JA VARAUKSET,keskustelu
VITTU,keskustelu
VITTU,keskustelu
VITTU MÄ EN OLE LUKENET,keskustelu
Lukenet on verbi,keskustelu
Mitkä kaikki siihen tulee,keskustelu
"En tiedä, varmaa ne jotka käytii läpi tunnilla",keskustelu
En ollu tunnilla,keskustelu
s.111,keskustelu
Ok kiitos,keskustelu
Läksybotti...,keskustelu
Ei ole vielä asia,keskustelu
Boksylätti,keskustelu
Tuliks mantsast läksyy,keskustelu
Ei,keskustelu
Ei,keskustelu
Eiku venaa ei tää,keskustelu